{"weights": [0.4061932870049863, -4.218448930229754, -0.906095482291685, 5.2677014114114655, 2.7645070089214276, 1.8456870973571653, -0.3946658189998532, -13.053236241326669, -0.9080967132428986, -0.07268750517505006, 0.15022195609928632, -0.24144945158462303], "bias": -1.677841419870653}