{"mean": [1.3586149481150906, 20.067091080187065, 18.944393749287098, 8477.11719373788, 14920.497519105738, 95096.76347279141, 73059230.97772281, 675660.9223343102, 990.1219471727073, 88.7495279298577, 4990.001358221776, 607.3598563898282], "scale": [6.469808851379917, 131.32763624230307, 108.73799767231348, 167115.54157895214, 141701.12154988392, 164591.42581294576, 188473815.0341218, 2434797.8369779154, 7256.576741866795, 988.8097856115298, 44939.461241853554, 4045.311254519091]}